"algorithm";"binary";"decimal";"elapsed";"error %";"instructions";"branches";"branch misses";"total"
amaru;8388608*2^-149;11754944*10^-45;8.62328046281168e-09;0.00689278185808776;93.000097059894;11;2e-05;0.00494771
dragonbox;8388608*2^-149;11754944*10^-45;6.01529316695607e-09;1.0932161880675e-05;73.0000629578755;7;5.86376136836735e-06;0.005446457
amaru;8388608*2^-148;23509887*10^-45;6.67740390824312e-09;2.91095634237695e-07;75.0000717449012;11;6.52226374730141e-06;0.004915268
dragonbox;8388608*2^-148;23509887*10^-45;6.00727840186261e-09;5.53638742436639e-06;73.0000629570947;7;5.84009811364831e-06;0.005436407
amaru;8388608*2^-147;47019774*10^-45;6.68356807404867e-09;0.00744092700247383;75.0000719815204;11;6.58033270162139e-06;0.004896013
dragonbox;8388608*2^-147;47019774*10^-45;6.01648287485963e-09;0.0113816543580307;73.0000636404661;7;5.78549691633014e-06;0.005500266
amaru;8388608*2^-146;9403955*10^-44;6.625316968382e-09;0.00534380549164258;75.0000696074771;11;1.16287858966085e-05;0.005406169
dragonbox;8388608*2^-146;9403955*10^-44;6.03982780676749e-09;0.00381440559815687;73.0000633622303;7;1.06846168229292e-05;0.00543247
amaru;8388608*2^-145;1880791*10^-43;6.56577407989459e-09;0.00614461037606359;71.0000722999264;10;1.16518203056272e-05;0.00482015
dragonbox;8388608*2^-145;1880791*10^-43;6.19188145796174e-09;0.0365319284366709;73.0000651384463;7;6.17417343253172e-06;0.005379562
amaru;8388608*2^-144;3761582*10^-43;6.43402347409098e-09;0.00644229387663005;71.0000664227142;10;6.11478677738507e-06;0.0055226
dragonbox;8388608*2^-144;3761582*10^-43;6.21652293861715e-09;0.0088914745937758;73.0000667831662;7;6.23569687030374e-06;0.005333073
amaru;8388608*2^-143;7523164*10^-43;6.50315035950634e-09;0.00609396477187623;71.0000666436443;10;6.23445283324709e-06;0.005555982
dragonbox;8388608*2^-143;7523164*10^-43;6.11242405166777e-09;4.37927307184064e-06;73.0000639144399;7;5.99376648285783e-06;0.005450021
amaru;8388608*2^-142;15046328*10^-43;6.5346351289125e-09;0.000251911628505177;75.0000685824018;11;6.35138396656631e-06;0.005442618
dragonbox;8388608*2^-142;15046328*10^-43;5.65090006948588e-09;0.00632301178204176;73.0000596270329;7;5.56099297090488e-06;0.005398175
amaru;8388608*2^-141;30092655*10^-43;6.36244700966011e-09;0.00567109948794327;75.000064997991;11;1.06992494476512e-05;0.005549149
dragonbox;8388608*2^-141;30092655*10^-43;5.64632649602971e-09;0.00374060104259485;73.0000589188393;7;5.46054212262193e-06;0.005463218
amaru;8388608*2^-140;6018531*10^-42;6.27791343407971e-09;6.76536429570668e-06;71.0000657519835;10;6.0994577582053e-06;0.005435345
dragonbox;8388608*2^-140;6018531*10^-42;6.06075844682504e-09;1.15477009137534e-05;73.0000635007991;7;5.89063448023987e-06;0.005438841
amaru;8388608*2^-139;12037062*10^-42;6.51380105192313e-09;0.0118977962906269;75.0000685046677;11;1.15626987338845e-05;0.005393678
dragonbox;8388608*2^-139;12037062*10^-42;5.68896771271287e-09;0.00322036724208711;73.0000610060451;7;5.54600410404304e-06;0.0053687
amaru;8388608*2^-138;24074124*10^-42;6.23418544578673e-09;0.00632555619857941;75.0000671685993;11;1.09216209869869e-05;0.005394919
dragonbox;8388608*2^-138;24074124*10^-42;5.54864062959136e-09;0.00881784591928571;73.0000595386297;7;5.41260270413631e-06;0.005418283
amaru;8388608*2^-137;4814825*10^-41;6.24129863690315e-09;0.026163964331847;71.0000660581312;10;6.00528465049243e-06;0.005572824
dragonbox;8388608*2^-137;4814825*10^-41;6.11824883611301e-09;0.0110376450494068;73.0000643052982;7;1.02014271796624e-05;0.0055228
amaru;8388608*2^-136;962965*10^-40;6.65291965523568e-09;0.0032048972877823;71.0000709096418;10;6.44633107067113e-06;0.00546428
dragonbox;8388608*2^-136;962965*10^-40;6.38984700963832e-09;0.00258884241871527;75.0000685785536;7;6.23441396508728e-06;0.005438741
amaru;8388608*2^-135;192593*10^-39;7.16054748154594e-09;1.38867250039993e-05;79.0000817199322;12;1e-05;0.004965765
dragonbox;8388608*2^-135;192593*10^-39;6.39109180732211e-09;5.49265791704401e-05;75.000066879465;7;6.22944283863251e-06;0.005447418
amaru;8388608*2^-134;385186*10^-39;7.14928778703722e-09;1.1880376862709e-05;79.0000767974084;12;6.9815825851404e-06;0.004960945
dragonbox;8388608*2^-134;385186*10^-39;6.38175281938462e-09;2.98750484430546e-05;75.0000668832942;7;6.20435918276181e-06;0.005438821
amaru;8388608*2^-133;770372*10^-39;7.15372054980211e-09;0.00338418633966252;79.0000765339846;12;7.0249878818959e-06;0.004955375
dragonbox;8388608*2^-133;770372*10^-39;6.41405405596816e-09;0.00261718376900584;75.0000684441403;7;6.22219456802414e-06;0.005467515
amaru;8388608*2^-132;1540744*10^-39;6.57365595819699e-09;0.0046761771592404;71.0000705757053;10;6.41597320689589e-06;0.005429374
dragonbox;8388608*2^-132;1540744*10^-39;6.3205045821455e-09;0.0110691770310964;73.0000681380353;7;6.19436684279316e-06;0.005422271
amaru;8388608*2^-131;3081488*10^-39;6.56093158517991e-09;0.0129884418791566;71.0000743669513;10;1e-05;0.004853412
dragonbox;8388608*2^-131;3081488*10^-39;6.05220054064964e-09;0.0124586472269644;73.0000636527108;7;6.03729842969868e-06;0.005432571
amaru;8388608*2^-130;6162976*10^-39;6.46971107919714e-09;0.0328760688237743;71.0000657269702;10;1.20188696253117e-05;0.005661029
dragonbox;8388608*2^-130;6162976*10^-39;6.00269493532194e-09;0.00678413276683811;73.0000620224972;7;5.65831687706175e-06;0.005552114
amaru;8388608*2^-129;12325952*10^-39;6.74703310570655e-09;0.0322774780607531;75.0000730707657;11;6.6427968831997e-06;0.004923704
dragonbox;8388608*2^-129;12325952*10^-39;5.8647861811345e-09;0.000878555686838935;73.0000624968041;7;5.6815276491543e-06;0.005466023
amaru;8388608*2^-128;24651903*10^-39;6.71252209615597e-09;0.0127699569785459;75.0000710186004;11;3.17908416943247e-05;0.005525494
dragonbox;8388608*2^-128;24651903*10^-39;5.97146537604408e-09;0.00112079537025336;73.0000637378174;7;5.79434703503262e-06;0.005459821
amaru;8388608*2^-127;49303807*10^-39;7.01549913336792e-09;0.0025889430343749;82.000077190274;14;1.38571329591907e-05;0.004893709
dragonbox;8388608*2^-127;49303807*10^-39;5.95602187493134e-09;0.0121485922539508;73.0000625518896;7;5.78529609145396e-06;0.005429685
amaru;8388608*2^-126;98607613*10^-39;6.61378513762508e-09;0.0042176206974379;73.0000695625779;9;6.47048166265497e-06;0.005418273
dragonbox;8388608*2^-126;98607613*10^-39;5.78908157941579e-09;0.0139433196396003;73.0000609121315;7;5.63504093857242e-06;0.005404398
amaru;8388608*2^-125;19721523*10^-38;6.59011989470822e-09;0.0165618973160136;75.0000788462641;11;1e-05;0.004701467
dragonbox;8388608*2^-125;19721523*10^-38;5.511613490143e-09;0.00730978180131709;73.0000580242735;7;5.43112250439921e-06;0.005379552
amaru;8388608*2^-124;39443045*10^-38;6.05907849321159e-09;0.00273417045233609;75.0000647070242;11;1.05544238867721e-05;0.005457477
dragonbox;8388608*2^-124;39443045*10^-38;5.6902483167853e-09;0.00422177413215307;73.0000593030277;7;5.39118433537479e-06;0.005601305
amaru;8388608*2^-123;7888609*10^-37;6.3297663966268e-09;0.00549209483933385;71.0000671571171;10;6.1051924661925e-06;0.005486211
dragonbox;8388608*2^-123;7888609*10^-37;6.22040351556761e-09;0.00463247571134109;73.0000663014062;7;6.02740056295921e-06;0.005473828
amaru;8388608*2^-122;15777218*10^-37;6.65018102314845e-09;0.00131708685011887;75.000071134794;11;1.16059097292341e-05;0.005455433
dragonbox;8388608*2^-122;15777218*10^-37;6.01219305451267e-09;1.30028450350409e-05;73.0000644631974;7;5.86029067041725e-06;0.005441005
amaru;8388608*2^-121;31554436*10^-37;6.6534052558058e-09;0.000391827172472517;75.0000713294513;11;1.163169403992e-05;0.005441397
dragonbox;8388608*2^-121;31554436*10^-37;6.01043179694691e-09;1.02131387730205e-05;73.0000642744871;7;5.84313519261895e-06;0.005445614
amaru;8388608*2^-120;63108872*10^-37;6.63821668603605e-09;0.00671019266303719;75.0000723503335;11;1.16748098465346e-05;0.005407811
dragonbox;8388608*2^-120;63108872*10^-37;5.90565970342792e-09;0.00662319566757179;73.0000638313923;7;5.80285384352024e-06;0.00541694
amaru;8388608*2^-119;12621775*10^-36;6.56701095581405e-09;0.00648752685573637;75.0000712638317;11;6.47853015107932e-06;0.005408113
dragonbox;8388608*2^-119;12621775*10^-36;5.66196843617121e-09;0.0107568181803816;73.000061544659;7;5.59496900387172e-06;0.005344216
amaru;8388608*2^-118;2524355*10^-35;6.085791788218e-09;0.00773649149468966;71.000065916813;10;5.9924375438197e-06;0.005411953
dragonbox;8388608*2^-118;2524355*10^-35;6.06067847845689e-09;0.0252184907211958;73.0000618502213;7;5.62274738682815e-06;0.005553237
amaru;8388608*2^-117;504871*10^-34;6.94706438361674e-09;0.00575463667935296;79.0000789354242;12;1e-05;0.004987566
dragonbox;8388608*2^-117;504871*10^-34;6.37030537032692e-09;0.0029663665640152;75.0000665589622;7;6.16260653606049e-06;0.005428563
amaru;8388608*2^-116;1009742*10^-34;6.61429324853384e-09;3.71010566004893e-06;71.0000691932694;10;6.42904901506969e-06;0.005446566
dragonbox;8388608*2^-116;1009742*10^-34;6.37836015809599e-09;0.00156601218383511;75.0000667212568;7;6.20447466712993e-06;0.005446267
amaru;8388608*2^-115;2019484*10^-34;6.63787776924278e-09;2.93473253437579e-06;71.0000691945751;10;6.4291316814751e-06;0.005467818
dragonbox;8388608*2^-115;2019484*10^-34;6.34999626903186e-09;0.000440307800994801;73.0000664904669;7;6.19413663026579e-06;0.005447638
amaru;8388608*2^-114;4038968*10^-34;6.64821954591431e-09;0.00295355174788751;71.0000693219057;10;1.26039828585833e-05;0.005464341
dragonbox;8388608*2^-114;4038968*10^-34;6.35112603769555e-09;2.46557023622275e-06;73.0000665052068;7;6.19413663026579e-06;0.005447979
amaru;8388608*2^-113;8077936*10^-34;6.63726087488755e-09;0.000396385158829044;71.0000697889835;10;6.45523616481509e-06;0.005451254
dragonbox;8388608*2^-113;8077936*10^-34;6.30361691139113e-09;0.00833163901860388;73.0000662551486;7;1.20373156786037e-05;0.005421107
amaru;8388608*2^-112;16155871*10^-34;6.44622096549704e-09;0.00352232364878883;75.000067638613;11;1.22979296435445e-05;0.005434283
dragonbox;8388608*2^-112;16155871*10^-34;5.73950896077899e-09;0.00550069663705581;73.0000604588275;7;5.54062664487354e-06;0.005447889
amaru;8388608*2^-111;32311743*10^-34;6.72900314905439e-09;0.0188185514536101;82.0000707946376;14;1.26507014813971e-05;0.004987323
dragonbox;8388608*2^-111;32311743*10^-34;5.64004248603359e-09;0.00173004962541615;73.0000600886034;7;5.46260030699814e-06;0.005462297
amaru;8388608*2^-110;64623485*10^-34;6.40631274761583e-09;0.00626835185507044;75.000067849719;11;1.10477095336209e-05;0.005528779
dragonbox;8388608*2^-110;64623485*10^-34;5.7406142135165e-09;1.31971799589543e-05;73.0000615202206;7;5.59274732526859e-06;0.005441937
amaru;8388608*2^-109;12924697*10^-33;6.36055333659969e-09;7.56319755758227e-06;75.0000682297482;11;1.11141983884412e-05;0.00544281
dragonbox;8388608*2^-109;12924697*10^-33;5.73468922685827e-09;0.00239983076498795;73.0000620742973;7;5.64311793552173e-06;0.005431005
amaru;8388608*2^-108;25849394*10^-33;6.45162918110423e-09;0.0038265676004251;75.000067292281;11;1.13632489801484e-05;0.005465571
dragonbox;8388608*2^-108;25849394*10^-33;5.59187429959572e-09;0.00823449608302369;73.0000599295011;7;5.44813646492217e-06;0.005429555
amaru;8388608*2^-107;5169879*10^-32;6.07351037913387e-09;1.42005118681919e-05;71.0000637407721;10;5.79461564314439e-06;0.00540674
dragonbox;8388608*2^-107;5169879*10^-32;5.80030448076333e-09;0.000445715890086314;73.0000607033867;7;5.65889323366136e-06;0.005444984
amaru;8388608*2^-106;10339758*10^-32;6.5068950830689e-09;0.0166094271878444;75.000066754864;11;6.20066595152319e-06;0.005562625
dragonbox;8388608*2^-106;10339758*10^-32;6.36104512275278e-09;0.00926212123352538;73.0000666404144;7;6.15021279736279e-06;0.005408514
amaru;8388608*2^-105;20679515*10^-32;6.67955135632447e-09;0.00540853879467313;75.0000699972637;11;1.27267752260593e-05;0.005442097
dragonbox;8388608*2^-105;20679515*10^-32;6.00997875133166e-09;0.00117508764188273;73.0000629344623;7;5.86376136836735e-06;0.00544325
amaru;8388608*2^-104;4135903*10^-31;6.62159112934429e-09;0.00109725111641657;71.0000693328291;10;6.45515282574315e-06;0.005446475
dragonbox;8388608*2^-104;4135903*10^-31;6.35148608108651e-09;2.298708599929e-05;73.0000664724864;7;6.19413663026579e-06;0.005445955
amaru;8388608*2^-103;8271806*10^-31;6.62895754096889e-09;0.00239737647606271;71.0000694672493;10;6.45515282574315e-06;0.00544832
dragonbox;8388608*2^-103;8271806*10^-31;6.3506837298791e-09;0.000425886543421102;73.000066447591;7;6.19413663026579e-06;0.005447228
amaru;8388608*2^-102;16543612*10^-31;6.65337556957499e-09;1.15993209148884e-05;75.0000696202532;11;6.48701947403246e-06;0.005447078
dragonbox;8388608*2^-102;16543612*10^-31;6.02392454464855e-09;1.94239906533624e-05;73.0000628970376;7;5.86365821908973e-06;0.00545918
amaru;8388608*2^-101;33087225*10^-31;6.9967996386261e-09;0.00319595836921915;82.000074946175;14;1e-05;0.004957517
dragonbox;8388608*2^-101;33087225*10^-31;5.94834397449029e-09;0.000763452272240856;73.0000621391691;7;5.79236681900591e-06;0.005451204
amaru;8388608*2^-100;6617445*10^-30;6.57421030664819e-09;0.0194490488079422;71.0000695023631;10;6.55776406476448e-06;0.004903647
dragonbox;8388608*2^-100;6617445*10^-30;6.05091447156141e-09;0.00712692637903945;73.0000651608585;7;5.92371440588106e-06;0.005429835
amaru;8388608*2^-99;1323489*10^-29;6.10671183264596e-09;0.0119400372077866;71.0000663241927;10;6.02947205942648e-06;0.005423724
dragonbox;8388608*2^-99;1323489*10^-29;5.9293827167136e-09;0.005771856289598;73.0000605963785;7;5.50876168546073e-06;0.005569075
amaru;8388608*2^-98;2646978*10^-29;6.48761639781271e-09;0.0237645396529996;71.0000677110584;10;6.15555076790496e-06;0.005568244
dragonbox;8388608*2^-98;2646978*10^-29;6.37001070224468e-09;0.00271970734806888;73.0000680684645;7;1.81232745132391e-05;0.005461513
amaru;8388608*2^-97;5293956*10^-29;6.62665902372907e-09;1.35898749817696e-05;71.0000713697146;10;6.48815587145666e-06;0.005434444
dragonbox;8388608*2^-97;5293956*10^-29;6.34986698340876e-09;0.000431639579813083;73.0000680566726;7;6.18697024067314e-06;0.005441816
amaru;8388608*2^-96;10587912*10^-29;6.80694681667482e-09;0.00430555681841401;75.0000775288957;11;1e-05;0.004927781
dragonbox;8388608*2^-96;10587912*10^-29;6.34897256781267e-09;0.000430897653590274;73.0000664904669;7;6.19425173439049e-06;0.005447098
amaru;8388608*2^-95;21175824*10^-29;6.82828921192191e-09;3.82431144551921e-06;75.0000730125648;11;6.64270863087132e-06;0.004935988
dragonbox;8388608*2^-95;21175824*10^-29;6.01012346678006e-09;0.00115635486013856;73.000064367009;7;5.85154627110214e-06;0.005443681
amaru;8388608*2^-94;42351647*10^-29;6.69908006795887e-09;0.00545205772263607;75.000076098192;11;1.30154102457309e-05;0.00493239
dragonbox;8388608*2^-94;42351647*10^-29;6.00756465113447e-09;1.44525141459322e-05;73.0000628675609;7;5.86365821908973e-06;0.005444882
amaru;8388608*2^-93;84703295*10^-29;7.20122423138934e-09;0.00676218136281171;81.0000770783116;12;7.00711923314087e-06;0.004963147
dragonbox;8388608*2^-93;84703295*10^-29;6.09183689286693e-09;0.0151811161759618;73.0000633639945;7;5.83338680604572e-06;0.005502519
amaru;8388608*2^-92;16940659*10^-28;6.63564227534816e-09;0.000682131626034939;75.0000715191314;11;6.52839525516233e-06;0.004888598
dragonbox;8388608*2^-92;16940659*10^-28;5.75746275131378e-09;0.00393335937058303;73.000061512652;7;5.59205927582832e-06;0.005403244
amaru;8388608*2^-91;33881318*10^-28;6.48087076564706e-09;0.0177454375546931;79.000070808309;13;1.14851439662796e-05;0.00537868
dragonbox;8388608*2^-91;33881318*10^-28;5.57678228255415e-09;0.00777468594437172;73.000058329754;7;5.30270490977448e-06;0.005569705
amaru;8388608*2^-90;67762636*10^-28;6.78023199281268e-09;0.0136337536998856;79.0000713206642;13;1.15954128546747e-05;0.005563747
dragonbox;8388608*2^-90;67762636*10^-28;6.01399115107069e-09;0.00327071621023739;73.0000640108004;7;1.71197699102924e-05;0.005473797
amaru;8388608*2^-89;13552527*10^-27;6.66676982084798e-09;2.85090296166018e-05;75.0000717257208;11;1.16620795820311e-05;0.0054385
dragonbox;8388608*2^-89;13552527*10^-27;6.00688353786227e-09;0.00164098354899892;73.000064442049;7;5.85836809298402e-06;0.005436949
amaru;8388608*2^-88;27105054*10^-27;6.6600549395816e-09;0.00204994707560074;75.0000713104924;11;1.16279069767442e-05;0.005444392
dragonbox;8388608*2^-88;27105054*10^-27;6.0038298542051e-09;4.4991922442231e-06;73.0000640156431;7;5.81960391775736e-06;0.005449351
amaru;8388608*2^-87;5421011*10^-26;6.62345614450421e-09;0.000864021492584525;71.0000708982159;10;6.44529235846138e-06;0.00544355
dragonbox;8388608*2^-87;5421011*10^-26;6.34336805554237e-09;2.09783043908491e-06;73.0000663970544;7;6.03609585320215e-06;0.00544315
amaru;8388608*2^-86;10842022*10^-26;6.81371147322582e-09;1.07818401511562e-05;75.0000730697949;11;6.64270863087132e-06;0.00493654
dragonbox;8388608*2^-86;10842022*10^-26;6.3491195610002e-09;0.00308897746794232;73.0000664908354;7;6.16933593268021e-06;0.005443099
amaru;8388608*2^-85;21684043*10^-26;6.60350851661736e-09;0.00914503960732774;75.0000693982593;11;1.10856141984547e-05;0.005422662
dragonbox;8388608*2^-85;21684043*10^-26;5.87307100656238e-09;0.00511845140048461;73.000092261798;7.00001025131089;9.77784730913642e-06;0.005465132
amaru;8388608*2^-84;43368087*10^-26;6.8840825781172e-09;0.0206455100064282;82.000075787327;14;1.96680040909448e-05;0.00479872
dragonbox;8388608*2^-84;43368087*10^-26;5.6154041973096e-09;0.00428515954917935;73.0000610480281;7;5.54982074079007e-06;0.005405771
amaru;8388608*2^-83;86736174*10^-26;6.41703227982183e-09;0.0033246549259371;77.000068442011;11;6.22200099552016e-06;0.005455272
dragonbox;8388608*2^-83;86736174*10^-26;5.76794052602958e-09;0.0222411409261265;73.0000588392618;7;5.34902380315592e-06;0.005556793
amaru;8388608*2^-82;17347235*10^-25;6.78568815002467e-09;0.0110579057541473;75.0000774448367;11;1e-05;0.004928984
dragonbox;8388608*2^-82;17347235*10^-25;6.0276578516186e-09;0.00279863908858872;73.0000630987208;7;1.75203966617804e-05;0.005455673
amaru;8388608*2^-81;3469447*10^-24;6.63458690157957e-09;0.00159469138449258;71.000069466372;10;1.16220959287798e-05;0.005433843
dragonbox;8388608*2^-81;3469447*10^-24;6.34655641196726e-09;9.3031080982121e-06;73.0000663966536;7;6.16925981220773e-06;0.005446175
amaru;8388608*2^-80;6938894*10^-24;6.63719978968677e-09;0.00168582766949815;71.000069548064;10;6.47127723598807e-06;0.005445023
dragonbox;8388608*2^-80;6938894*10^-24;6.34525782496919e-09;1.40453456593402e-05;73.0000663966536;7;6.1692217526759e-06;0.005445154
amaru;8388608*2^-79;13877788*10^-24;6.81010007093997e-09;7.58894452802618e-06;75.000073013534;11;6.64266450558648e-06;0.004926449
dragonbox;8388608*2^-79;13877788*10^-24;6.01202658037967e-09;1.25702101379717e-05;73.0000644639529;7;5.86035935723579e-06;0.005440856
amaru;8388608*2^-78;27755576*10^-24;6.99769182189893e-09;5.52698274559759e-06;79.000080066188;13;1.38130132397732e-05;0.004933793
dragonbox;8388608*2^-78;27755576*10^-24;6.0184149724144e-09;0.00116225843610285;73.0000628902051;7;5.86355507344103e-06;0.005453279
amaru;8388608*2^-77;5551115*10^-23;6.56996141801941e-09;0.0059146262001802;71.0000689283521;10;6.42785059104086e-06;0.005414005
dragonbox;8388608*2^-77;5551115*10^-23;6.25181273586746e-09;0.00761603135217051;73.0000660458358;7;6.23717480929838e-06;0.005352189
amaru;8388608*2^-76;1110223*10^-22;6.3424469982564e-09;0.00548240200434138;71.0000667917494;10;6.34743309805515e-06;0.005403896
dragonbox;8388608*2^-76;1110223*10^-22;5.94689870400184e-09;0.00346054821925906;75.0000624035581;7;5.93116292311434e-06;0.005408977
amaru;8388608*2^-75;2220446*10^-22;6.04567447653804e-09;0.000480491321029439;71.000063434213;10;5.87568231360867e-06;0.005456064
dragonbox;8388608*2^-75;2220446*10^-22;6.12724671171951e-09;0.0128312511565575;73.0000628029529;7;6.16800409555472e-06;0.005535023
amaru;8388608*2^-74;4440892*10^-22;6.59895079979933e-09;0.00518200086472136;71.0000687560161;10;6.33842097256731e-06;0.00549164
dragonbox;8388608*2^-74;4440892*10^-22;6.35067686611675e-09;0.00332079193060376;73.0000664403668;7;2.12371714211384e-05;0.005444412
amaru;8388608*2^-73;8881784*10^-22;6.66291657694835e-09;0.00156416358719031;75.0000717449012;11;1e-05;0.00490507
dragonbox;8388608*2^-73;8881784*10^-22;6.3471504309927e-09;1.69389849568846e-05;73.0000665048382;7;6.23651353947089e-06;0.00543719
amaru;8388608*2^-72;17763568*10^-22;6.66350014950924e-09;0.00314184828314155;75.0000712559839;11;1.30593482079309e-05;0.004912432
dragonbox;8388608*2^-72;17763568*10^-22;6.00351356584108e-09;0.000873257203849537;73.0000628460101;7;1.04973651613445e-05;0.005441476
amaru;8388608*2^-71;35527137*10^-22;7.06437468908756e-09;0.00345613535132506;82.0000761514445;14;1.85230921215115e-05;0.00495372
dragonbox;8388608*2^-71;35527137*10^-22;6.00162625181881e-09;1.30964976739777e-05;73.0000628466385;7;5.81960391775736e-06;0.005447717
amaru;8388608*2^-70;71054274*10^-22;6.92946244023159e-09;6.95938868573791e-06;79.0000742420561;13;1.32989334255393e-05;0.004929196
dragonbox;8388608*2^-70;71054274*10^-22;5.97610806523806e-09;0.00486899444017496;73.0000638569604;7;5.80517821897132e-06;0.005439724
amaru;8388608*2^-69;14210855*10^-21;6.6685188259942e-09;0.00603098006765935;75.0000763762037;11;1e-05;0.004910811
dragonbox;8388608*2^-69;14210855*10^-21;5.96971229328719e-09;0.0264454653549406;73.0000624457148;7;5.8829412353e-06;0.005387025
amaru;8388608*2^-68;2842171*10^-20;6.22433276340356e-09;0.0119148548081732;71.0000655268958;10;6.12730080145094e-06;0.005387344
dragonbox;8388608*2^-68;2842171*10^-20;5.79858440819548e-09;1.52238233906202e-05;73.0000607301978;7;5.73223580125192e-06;0.005387025
amaru;8388608*2^-67;5684342*10^-20;6.11187090550016e-09;0.00563117905293223;71.0000633272117;10;5.87803085966201e-06;0.005504747
dragonbox;8388608*2^-67;5684342*10^-20;6.14842733964517e-09;0.015653991299073;73.0000660240327;7;6.19413663026579e-06;0.005298557
amaru;8388608*2^-66;11368684*10^-20;6.60282890921409e-09;0.00293872245261974;75.0000711601038;11;6.65725774239075e-06;0.004856629
dragonbox;8388608*2^-66;11368684*10^-20;5.92902522081905e-09;0.00276578326396909;73.0000630217196;7;5.7292472342059e-06;0.005473267
amaru;8388608*2^-65;22737368*10^-20;6.84830793931074e-09;0.00273534151650281;79.0000781524755;13;1.99580880151681e-05;0.004944743
dragonbox;8388608*2^-65;22737368*10^-20;5.96744549692826e-09;1.56665292116152e-05;73.0000624648635;7;5.8243492745773e-06;0.005443741
amaru;8388608*2^-64;45474735*10^-20;6.61837970018819e-09;0.00243418193168338;75.0000693594966;11;1.26108175593024e-05;0.005447297
dragonbox;8388608*2^-64;45474735*10^-20;5.93704799755478e-09;0.00115886023601464;73.0000620403375;7;5.88605769513753e-06;0.005435395
amaru;8388608*2^-63;9094947*10^-19;6.50461356446117e-09;0.00340245626771451;75.0000680293144;11;1.70800027328004e-05;0.005434402
dragonbox;8388608*2^-63;9094947*10^-19;6.3526383366406e-09;0.0343234660692824;73.0000728197116;7;6.61997378490381e-06;0.004705884
amaru;8388608*2^-62;18189894*10^-19;6.27205501873657e-09;0.00683114742280183;75.0000680520413;11;1.10882569814438e-05;0.005402184
dragonbox;8388608*2^-62;18189894*10^-19;5.52482870666408e-09;0.00783837070924897;73.0000591213493;7;5.37466811424395e-06;0.005380242
amaru;8388608*2^-61;3637979*10^-18;6.10104269335776e-09;0.00443577571415979;71.0000644960804;10;5.8632800361178e-06;0.00552292
dragonbox;8388608*2^-61;3637979*10^-18;6.53270191080677e-09;0.0387023996308043;73.0000659037805;7;5.99125277095441e-06;0.00567243
amaru;8388608*2^-60;7275958*10^-18;6.62999329127937e-09;0.00122190713935624;71.0000711384743;10;1.15998515219005e-05;0.005450212
dragonbox;8388608*2^-60;7275958*10^-18;6.35068246289551e-09;1.37884742602326e-05;73.0000680722556;7;1.11013665782258e-05;0.005441446
amaru;8388608*2^-59;14551915*10^-18;6.65360551405313e-09;1.77619476768894e-05;75.0000713285262;11;1.16293268364161e-05;0.005441917
dragonbox;8388608*2^-59;14551915*10^-18;6.00911467587955e-09;2.2436773761946e-05;73.0000643124415;7;5.8465855940131e-06;0.00544363
amaru;8388608*2^-58;2910383*10^-17;6.64678304405262e-09;0.0024927497522032;71.0000713322266;10;6.4847478730027e-06;0.005438631
dragonbox;8388608*2^-58;2910383*10^-17;6.35657119919639e-09;7.44852920671521e-06;73.000068328923;7;6.21172027381263e-06;0.00543761
amaru;8388608*2^-57;5820766*10^-17;6.62319414518262e-09;0.0010872921366784;71.0000709627059;10;6.45115507931695e-06;0.005435815
dragonbox;8388608*2^-57;5820766*10^-17;6.3617340739064e-09;8.45587578021644e-06;73.0000681068163;7;6.19152875036375e-06;0.005447036
amaru;8388608*2^-56;11641532*10^-17;6.71608730309354e-09;0.0102576690931841;75.0000768039324;11;1.76458132367127e-05;0.004882798
dragonbox;8388608*2^-56;11641532*10^-17;5.97617083383389e-09;0.00444277930829925;73.0000628244741;7;5.8243492745773e-06;0.005426598
amaru;8388608*2^-55;23283064*10^-17;6.57339852705078e-09;0.00307989850171462;75.000068360346;11;1.24291538232077e-05;0.005461203
dragonbox;8388608*2^-55;23283064*10^-17;5.74418345800729e-09;0.0123594402024913;73.0000604940716;7;5.63523146713251e-06;0.005387355
amaru;8388608*2^-54;4656613*10^-16;6.19117871974767e-09;0.0105608922079947;71.0000649028817;10;6.19951271830034e-06;0.005399629
dragonbox;8388608*2^-54;4656613*10^-16;6.0733021244136e-09;0.0129376808779926;73.0000608097649;7;5.62417043486086e-06;0.005692218
amaru;8388608*2^-53;9313226*10^-16;6.69383523958228e-09;0.0219820193746757;75.0000680613047;11;6.31488544797797e-06;0.005480338
dragonbox;8388608*2^-53;9313226*10^-16;6.33520767700303e-09;0.0021373803243617;73.000066200455;7;6.08661249581545e-06;0.005477774
amaru;8388608*2^-52;18626451*10^-16;6.65462799770334e-09;1.59649978419355e-05;75.0000717449012;11;1.16372438351701e-05;0.004906481
dragonbox;8388608*2^-52;18626451*10^-16;6.01151775273786e-09;0.00114667162889241;73.0000644915428;7;5.86286752850819e-06;0.005441896
amaru;8388608*2^-51;37252903*10^-16;7.00445514464657e-09;6.10360277303468e-06;82.0000749512817;14;2e-05;0.00494799
dragonbox;8388608*2^-51;37252903*10^-16;6.00856614864339e-09;1.08555120196328e-05;73.0000628743884;7;5.86365821908973e-06;0.005445423
amaru;8388608*2^-50;7450581*10^-15;6.63888868074737e-09;0.00214904924163426;71.0000694830461;10;1.26332811157714e-05;0.005436497
dragonbox;8388608*2^-50;7450581*10^-15;6.39096011453817e-09;0.000379374902040305;73.0000668802782;7;1.21600505858104e-05;0.005460514
amaru;8388608*2^-49;14901161*10^-15;6.66260976456675e-09;0.00179213349120481;75.0000717449012;11;1.16398174876618e-05;0.004911172
dragonbox;8388608*2^-49;14901161*10^-15;6.02396755232321e-09;0.00274061324602605;73.000062957425;7;5.84016632793702e-06;0.005451346
amaru;8388608*2^-48;29802322*10^-15;6.6456935848289e-09;0.00772692594324908;75.0000719951829;11;1.30900332486845e-05;0.004860525
dragonbox;8388608*2^-48;29802322*10^-15;5.87636333114402e-09;0.00423101939816842;73.0000641107834;7;5.82825303943396e-06;0.005406603
amaru;8388608*2^-47;59604645*10^-15;6.74670005451627e-09;0.00893461947665721;82.0000774153592;14;2e-05;0.004913506
dragonbox;8388608*2^-47;59604645*10^-15;5.62040705303118e-09;0.00546610513704714;73.0000592358574;7;5.74851400912864e-06;0.005361406
amaru;8388608*2^-46;11920929*10^-14;6.20879709175285e-09;0.00313841009790641;75.0000654993232;11;6.0686240001942e-06;0.005416629
dragonbox;8388608*2^-46;11920929*10^-14;5.5110920454029e-09;0.00292956470314918;73.0000575158888;7;5.33541058652169e-06;0.005444562
amaru;8388608*2^-45;23841858*10^-14;6.30135892956255e-09;0.00315102822483187;75.0000657902606;11;6.08176322479413e-06;0.005468537
dragonbox;8388608*2^-45;23841858*10^-14;5.62793422980102e-09;0.00420573078747943;73.0000586497755;7;5.41931987535564e-06;0.005484688
amaru;8388608*2^-44;47683716*10^-14;6.66496940864763e-09;0.00950910038699543;79.0000683094043;13;6.33978723674034e-06;0.005553545
dragonbox;8388608*2^-44;47683716*10^-14;5.62741528220771e-09;3.36964787419301e-06;73.0000589726956;7;5.47048944469062e-06;0.005442006
amaru;8388608*2^-43;9536743*10^-13;6.36604007390799e-09;0.0032607407436272;75.0000676036948;11;6.58098227741473e-06;0.005334265
dragonbox;8388608*2^-43;9536743*10^-13;5.94424497468109e-09;3.46828208824918e-06;73.0000622823362;7;5.7762733794665e-06;0.005438411
amaru;8388608*2^-42;19073486*10^-13;6.39734550208859e-09;0.00927706160568166;75.0000649787933;11;1.05683109197073e-05;0.005562103
dragonbox;8388608*2^-42;19073486*10^-13;5.80222633225148e-09;0.00336186941841446;73.0000616488259;7;5.60443871546265e-06;0.005362188
amaru;8388608*2^-41;38146973*10^-13;6.88648976934108e-09;1.45878341164591e-05;88.0000736653184;15;6.74236090509453e-06;0.004933784
dragonbox;8388608*2^-41;38146973*10^-13;5.66415987530012e-09;0.000230208824589163;73.0000592474497;7;5.52751875210737e-06;0.00544284
amaru;8388608*2^-40;76293945*10^-13;6.23130176262525e-09;0.00630170296629292;75.0000654773597;11;1.78574617403882e-05;0.00543825
dragonbox;8388608*2^-40;76293945*10^-13;5.56504477121202e-09;0.00682786767928088;73.0000585274494;7;9.7890460574617e-06;0.005409716
amaru;8388608*2^-39;15258789*10^-12;6.41842417107495e-09;0.00841916229082694;75.0000655956683;11;1.23411843834653e-05;0.00544883
dragonbox;8388608*2^-39;15258789*10^-12;5.85158068507461e-09;0.00623290332733037;73.0000608908891;7;5.59885335483293e-06;0.005500347
amaru;8388608*2^-38;30517578*10^-12;6.65689578528633e-09;0.00284479189621985;75.0000695146613;11;1.2639029322548e-05;0.005466212
dragonbox;8388608*2^-38;30517578*10^-12;6.00739798328193e-09;0.00063690591582928;73.0000628790607;7;5.86365821908973e-06;0.00544345
amaru;8388608*2^-37;61035156*10^-12;6.66480079646351e-09;0.000129868531152372;75.0000717449012;11;1e-05;0.004911691
dragonbox;8388608*2^-37;61035156*10^-12;6.00450358755009e-09;0.000399198662622288;73.0000628628903;7;5.82170447863726e-06;0.005443651
amaru;8388608*2^-36;12207031*10^-11;6.65954890098013e-09;1.53994100665679e-06;75.0000713183522;11;1.29669731194647e-05;0.004904258
dragonbox;8388608*2^-36;12207031*10^-11;6.00211543191933e-09;0.000217201173851381;73.0000628309334;7;5.84013222059347e-06;0.005442027
amaru;8388608*2^-35;24414062*10^-11;7.21926158592297e-09;0.0041867328873864;85.000082048477;14;1e-05;0.004996732
dragonbox;8388608*2^-35;24414062*10^-11;5.87379711622083e-09;0.0037041865584887;74.0000615863525;8;5.69790829786385e-06;0.005387795
amaru;8388608*2^-34;48828125*10^-11;6.51967433366865e-09;0.0133596435848582;75.000067691058;11;6.29342462994663e-06;0.005478795
dragonbox;8388608*2^-34;48828125*10^-11;5.66996448386567e-09;0.00970624265555;73.0000601286754;7;5.52751875210737e-06;0.005411118
amaru;8388608*2^-33;9765625*10^-10;6.08543197196702e-09;0.00562960179365813;75.0000644662197;11;1.020199959192e-05;0.005399207
dragonbox;8388608*2^-33;9765625*10^-10;5.78781019174187e-09;0.00544982376734889;73.0000604305955;7;5.60158188672481e-06;0.005458458
amaru;8388608*2^-32;1953125*10^-9;6.17710476954466e-09;0.00452238920594411;71.0000644146586;10;5.97432236248604e-06;0.005468046
dragonbox;8388608*2^-32;1953125*10^-9;6.10613351291114e-09;0.0119246102798814;73.0000620672922;7;5.7424730534452e-06;0.00559811
amaru;8388608*2^-31;390625*10^-8;6.7419733900996e-09;0.00244453851327465;79.0000720281827;12;6.59765519334429e-06;0.00492183
dragonbox;8388608*2^-31;390625*10^-8;6.01976029415208e-09;5.62591698014119e-05;75.0000644836036;7;5.86214577984125e-06;0.005442378
amaru;8388608*2^-30;78125*10^-7;7.21871167531783e-09;0.00341214057434429;85.0000826042362;13;1e-05;0.00497447
dragonbox;8388608*2^-30;78125*10^-7;6.37002800320878e-09;0.00632650080104971;81.0000667374488;9;6.21233770267752e-06;0.005439461
amaru;8388608*2^-29;15625*10^-6;7.05989375045297e-09;0.00380925558048851;85.0000756929344;13;6.88117585533016e-06;0.004950844
dragonbox;8388608*2^-29;15625*10^-6;6.23255411555955e-09;2.55066162256999e-05;81.0000676515086;9;6.1501371480584e-06;0.005416499
amaru;8388608*2^-28;3125*10^-5;7.49205641749524e-09;1.64751456514616e-05;91.0000855261282;14;1e-05;0.004997653
dragonbox;8388608*2^-28;3125*10^-5;6.3034749440718e-09;1.56793811467487e-06;83.0000658875958;9;6.22827887741502e-06;0.005438872
amaru;8388608*2^-27;625*10^-4;7.9329903625911e-09;1.04409646383791e-05;97.0000851531596;15;7.74119632447999e-06;0.005041695
dragonbox;8388608*2^-27;625*10^-4;7.13582659748628e-09;0.000801144851029215;87.0000783559497;10;7.6777200242616e-06;0.004801987
amaru;8388608*2^-26;125*10^-3;8.19097157301107e-09;0.00158980755004807;97.0000935154807;15;3.18078804023697e-05;0.005077764
dragonbox;8388608*2^-26;125*10^-3;7.22542930438705e-09;0.00180524731826603;87.0000826309701;10;7.51190637159898e-06;0.004863883
amaru;8388608*2^-25;25*10^-2;8.9204537648773e-09;2.92813304253472e-06;103.000095414054;16;8.71444506413832e-06;0.00513992
dragonbox;8388608*2^-25;25*10^-2;7.32435681058453e-09;0.0152170409221;89.0000835375362;10;1.4121999957634e-05;0.005007111
amaru;8388608*2^-24;5*10^-1;9.42119723260362e-09;0.00133930856925286;109.000101048145;17;9.18619498617478e-06;0.005196247
dragonbox;8388608*2^-24;5*10^-1;7.69377300954078e-09;0.00244694405467446;93.0000823495063;11;7.53187867649828e-06;0.005013812
amaru;8388608*2^-23;1*10^0;3.574754607624e-09;0.00723077686306025;37.0000383613429;7;3.487394811454e-06;0.005428261
dragonbox;8388608*2^-23;1*10^0;7.54627897511507e-09;0.00421495503035057;95.0000860511144;11;1e-05;0.004970612
amaru;8388608*2^-22;2*10^0;3.46430645317847e-09;0.00283819927848991;37.0000365757759;7;3.36830759384947e-06;0.005429732
dragonbox;8388608*2^-22;2*10^0;7.33733132149363e-09;0.00303542305128747;93.0000782288977;11;7.14515379943553e-06;0.00499068
amaru;8388608*2^-21;4*10^0;3.50455099586365e-09;0.00248866970887485;37.0000374060598;7;3.40055088924406e-06;0.005455313
dragonbox;8388608*2^-21;4*10^0;7.80062882696671e-09;0.0119694297053707;93.0000878702449;11;1e-05;0.005087704
amaru;8388608*2^-20;8*10^0;3.71017642144243e-09;0.0104075369092561;37.0000383155108;7;6.96645651189522e-06;0.005540102
dragonbox;8388608*2^-20;8*10^0;7.74833958439271e-09;0.00334002903495855;93.0000828138646;11;7.52853314060288e-06;0.005035343
amaru;8388608*2^-19;16*10^0;3.69594968165564e-09;8.92199382360387e-06;37.000039633641;7;3.60305827586455e-06;0.005440824
dragonbox;8388608*2^-19;16*10^0;7.33836688515839e-09;0.00326210903245359;89.0000841396719;10;1.41210028736241e-05;0.005012362
amaru;8388608*2^-18;32*10^0;3.7360718370405e-09;0.00707235369317618;37.0000395319418;7;3.60446088078606e-06;0.005425648
dragonbox;8388608*2^-18;32*10^0;7.28025997686269e-09;0.00738869671867582;89.00007731995;10;1e-05;0.004968438
amaru;8388608*2^-17;64*10^0;3.67285981685218e-09;0.0073482925694583;37.0000388009792;7;3.5273617450564e-06;0.005440375
dragonbox;8388608*2^-17;64*10^0;7.07530533656565e-09;0.0101564460874315;89.0000748701683;10;6.91323885240235e-06;0.004965374
amaru;8388608*2^-16;128*10^0;3.49553323509733e-09;0.00620510101025793;37.0000365561453;7;6.13073798758526e-06;0.005450253
dragonbox;8388608*2^-16;128*10^0;6.73891848242164e-09;0.00252401620537771;87.0000721335126;10;6.55759205219843e-06;0.004933483
amaru;8388608*2^-15;256*10^0;3.49367938261687e-09;0.00315692062500811;37.0000364671911;7;3.374832523936e-06;0.005460904
dragonbox;8388608*2^-15;256*10^0;6.87752145487789e-09;0.00127842560706889;87.0000734891303;10;6.69774419975352e-06;0.004941698
amaru;8388608*2^-14;512*10^0;3.55166311735834e-09;0.00293189450762973;37.0000371444683;7;3.4457925150495e-06;0.005459991
dragonbox;8388608*2^-14;512*10^0;6.92217686016271e-09;1.48673692189499e-05;87.0000743137798;10;6.75579816377406e-06;0.004940506
amaru;8388608*2^-13;1024*10^0;3.55007161708299e-09;8.87902620064596e-06;37.0000375127778;7;3.49567235762127e-06;0.005396754
dragonbox;8388608*2^-13;1024*10^0;7.17977133335184e-09;0.0166851638185652;87.0000742245224;10;6.75178415896401e-06;0.005106908
amaru;8388608*2^-12;2048*10^0;3.51092513208409e-09;9.26282616969308e-06;37.0000367370794;7;3.42436435236709e-06;0.005446605
dragonbox;8388608*2^-12;2048*10^0;6.33812321464026e-09;0.00105092444573069;83.0000663381921;9;6.19356117380371e-06;0.005441325
amaru;8388608*2^-11;4096*10^0;3.50026550571881e-09;0.00226201566456047;37.0000367090044;7;3.4242705447672e-06;0.005419526
dragonbox;8388608*2^-11;4096*10^0;6.29672741100893e-09;0.000599980474991753;83.0000659223435;9;6.15498245829999e-06;0.005439642
amaru;8388608*2^-10;8192*10^0;3.72481966878261e-09;0.0308846683548032;37.0000388434538;7;7.06244614884812e-06;0.005502221
dragonbox;8388608*2^-10;8192*10^0;6.73528663609262e-09;0.00662787440181461;83.0000716066581;9;6.56443650877009e-06;0.004940836
amaru;8388608*2^-9;16384*10^0;3.83723349807937e-09;0.00407011568558188;37.000040721285;7;1.11056816667407e-05;0.005471634
dragonbox;8388608*2^-9;16384*10^0;6.80335586974069e-09;4.21493224267311e-05;81.0000776618603;9;1e-05;0.004928771
amaru;8388608*2^-8;32768*10^0;3.79671721334975e-09;3.54937218799197e-05;37.0000397387359;7;4.06172192639348e-06;0.005355194
dragonbox;8388608*2^-8;32768*10^0;6.79615430122871e-09;0.000777887395790699;81.0000729534888;9;6.63213534861819e-06;0.004928061
amaru;8388608*2^-7;65536*10^0;3.81808573852786e-09;1.07861803098857e-05;37.0000418569254;7;3.80517503805175e-06;0.005408283
dragonbox;8388608*2^-7;65536*10^0;6.80522188471558e-09;1.07925721265575e-05;81.0000776809643;9;1e-05;0.004928986
amaru;8388608*2^-6;131072*10^0;3.79616910276575e-09;1.51019487382062e-06;37.0000397183607;7;3.70200352430736e-06;0.005447237
dragonbox;8388608*2^-6;131072*10^0;6.38264248743176e-09;0.00881004682178371;75.0000667463578;7;6.22944283863251e-06;0.005443829
amaru;8388608*2^-5;262144*10^0;3.74937985935888e-09;0.00666754226668001;37.0000393161843;7;3.63781876386918e-06;0.005437599
dragonbox;8388608*2^-5;262144*10^0;6.25448954990278e-09;0.0147932427775629;75.0000663071346;7;6.30938710613651e-06;0.005392094
amaru;8388608*2^-4;524288*10^0;3.7620013226026e-09;0.0278392513830082;37.000057963734;7.00000644041489;9.49787880706642e-06;0.005561442
dragonbox;8388608*2^-4;524288*10^0;6.22719733507641e-09;0.0195428052364314;75.0000673557363;7;6.68601152668387e-06;0.004760469
amaru;8388608*2^-3;1048576*10^0;3.66636809935397e-09;0.00888965012983131;37.0000378589719;7;3.44172471709023e-06;0.00532555
dragonbox;8388608*2^-3;1048576*10^0;6.01253747865186e-09;0.000306662042343952;75.0000629315819;7;5.72105290257619e-06;0.005453499
amaru;8388608*2^-2;2097152*10^0;3.70489775646249e-09;0.0106692400499714;37.0000383878499;7;3.50224669125244e-06;0.005550611
dragonbox;8388608*2^-2;2097152*10^0;6.08735030975322e-09;0.00242190560975995;73.0000642290759;7;5.85123812198661e-06;0.005414407
amaru;8388608*2^-1;4194304*10^0;3.13636435003928e-09;0.126431753633961;37.000035748293;7;6.4996896398197e-06;0.004898296
dragonbox;8388608*2^-1;4194304*10^0;6.09664089893114e-09;0.0035947382155513;73.0000659507348;7;6.19463544570402e-06;0.005263983
amaru;8388608*2^0;8388608*10^0;2.52305664960811e-09;0.00242791883198746;37.0000264256646;7;2.45134088346325e-06;0.005432268
dragonbox;8388608*2^0;8388608*10^0;5.8716933727577e-09;0.00315698160611465;73.000062103765;7;5.70655740511422e-06;0.005421799
amaru;8388608*2^1;16777216*10^0;6.0722846397746e-09;9.92986709839125e-06;75.0000649293156;11;1.18053301065431e-05;0.0054048
dragonbox;8388608*2^1;16777216*10^0;5.52372170785403e-09;0.0011529722733765;73.0000592193809;7;5.3835800807537e-06;0.005441277
amaru;8388608*2^2;33554432*10^0;6.39448764250329e-09;0.0096944068264802;75.0000664179014;11;1.15182160586968e-05;0.005462004
dragonbox;8388608*2^2;33554432*10^0;5.76977416749057e-09;0.00433898807096797;73.0000614717454;7;5.58834048640916e-06;0.005474078
amaru;8388608*2^3;67108864*10^0;6.50740773175747e-09;0.00230616711038302;75.0000696039535;11;1.13356835983994e-05;0.005451024
dragonbox;8388608*2^3;67108864*10^0;5.9507003560409e-09;0.00139336857175511;73.0000637049649;7;5.79136044848295e-06;0.005450754
amaru;8388608*2^4;13421773*10^1;6.78682711641501e-09;0.00539991914875561;75.0000771059564;11;1e-05;0.00493784
dragonbox;8388608*2^4;13421773*10^1;5.96801240615253e-09;0.000838699512283162;73.0000624503236;7;5.82424750722207e-06;0.005444703
amaru;8388608*2^5;26843546*10^1;6.92089768922612e-09;0.00673335976629924;79.0000740421636;13;1.34622115721171e-05;0.004934715
dragonbox;8388608*2^5;26843546*10^1;5.90235678706726e-09;0.00410251047453427;73.0000624531601;7;5.72406568937785e-06;0.005429343
amaru;8388608*2^6;5368709*10^2;6.53957851389613e-09;0.0153051042802215;71.000069890563;10;6.36083759509452e-06;0.005385792
dragonbox;8388608*2^6;5368709*10^2;6.03648706895223e-09;0.0126626549654942;73.0000660359235;7;6.00326577658246e-06;0.005296312
amaru;8388608*2^7;10737418*10^2;6.57130716235689e-09;0.0489259129888254;75.0000666497013;11;2.40021121858724e-05;0.005703759
dragonbox;8388608*2^7;10737418*10^2;6.16439008456644e-09;0.00356496297438409;73.0000641305932;7;5.83005392799883e-06;0.00549132
amaru;8388608*2^8;21474836*10^2;6.64212105162275e-09;9.4292909791597e-06;75.0000695247666;11;1.26408666578181e-05;0.005455882
dragonbox;8388608*2^8;21474836*10^2;6.01273173771174e-09;0.00114013004396638;73.0000645236978;7;5.86579070858752e-06;0.005440535
amaru;8388608*2^9;42949673*10^2;7.02285807881383e-09;7.44262753841878e-06;82.0000753022358;14;1.22764157776496e-05;0.004934794
dragonbox;8388608*2^9;42949673*10^2;6.01318156997024e-09;0.00115034100550789;73.0000629849122;7;5.86355507344103e-06;0.005443069
amaru;8388608*2^10;8589935*10^3;6.82984573686554e-09;7.74600373306485e-06;75.0000730693096;11;6.64266450558648e-06;0.004945416
dragonbox;8388608*2^10;8589935*10^3;6.34776425896699e-09;6.33369553164669e-06;73.0000665044697;7;6.16918369361366e-06;0.005444713
amaru;8388608*2^11;1717987*10^4;6.67002620484492e-09;0.00695338281812162;71.0000710066811;10;6.45515282574315e-06;0.005465701
dragonbox;8388608*2^11;1717987*10^4;6.30046140019466e-09;0.00428385015446507;73.0000662998077;7;6.12790156138932e-06;0.005439061
amaru;8388608*2^12;3435974*10^4;6.55824742546649e-09;0.020269098662757;71.0000696114416;10;6.34517766497462e-06;0.005412632
dragonbox;8388608*2^12;3435974*10^4;6.08549678484894e-09;0.00792959722138856;73.0000643897728;7;5.95298333759964e-06;0.005411168
amaru;8388608*2^13;6871948*10^4;6.19730842924346e-09;0.00673695609472392;71.0000656602411;10;6.09299123218562e-06;0.005390892
dragonbox;8388608*2^13;6871948*10^4;5.76221448421501e-09;2.87267426324022e-06;73.0000603849541;7;5.60155050918094e-06;0.005401852
amaru;8388608*2^14;13743895*10^4;6.2256786791035e-09;0.0157064770244325;75.0000638051044;11;1.17328890479347e-05;0.005559627
dragonbox;8388608*2^14;13743895*10^4;5.85330846003996e-09;0.0111802107950538;73.000060722152;7;5.7513573203276e-06;0.005490319
amaru;8388608*2^15;2748779*10^5;6.6399037552308e-09;0.00252007399867472;71.0000710530055;10;1.29187282803881e-05;0.004902174
dragonbox;8388608*2^15;2748779*10^5;6.3514891633379e-09;9.87886469906806e-06;73.0000680591991;7;6.18719992080384e-06;0.005442309
amaru;8388608*2^16;5497558*10^5;6.66864407814721e-09;0.00280758870675714;71.0000714986773;10;6.49987975222458e-06;0.005441245
dragonbox;8388608*2^16;5497558*10^5;6.34787932713091e-09;4.50802296854015e-06;73.0000678626953;7;6.19413663026579e-06;0.005445816
amaru;8388608*2^17;10995116*10^5;6.65056927696579e-09;7.63549935088316e-06;75.0000712232265;11;1e-05;0.004905519
dragonbox;8388608*2^17;10995116*10^5;6.34661450048292e-09;6.51130162186229e-06;73.0000665052068;7;6.16933593268021e-06;0.005444282
amaru;8388608*2^18;21990233*10^5;7.04862041233131e-09;0.00299046266876475;82.0000754344338;14;1.34230890554843e-05;0.004947108
dragonbox;8388608*2^18;21990233*10^5;6.01516711045741e-09;3.52625325885025e-05;73.0000645437636;7;5.86761487323018e-06;0.005440374
amaru;8388608*2^19;43980465*10^5;6.66379031011861e-09;0.0064067603635172;75.0000712735284;11;1.16748779975249e-05;0.005449603
dragonbox;8388608*2^19;43980465*10^5;5.92638910295793e-09;0.00750432399647599;73.000063465322;7;5.76957472464705e-06;0.005432019
amaru;8388608*2^20;8796093*10^6;6.49064376790546e-09;0.00576819396032329;75.0000721780041;11;1.31232734693342e-05;0.005334966
dragonbox;8388608*2^20;8796093*10^6;5.99071358334364e-09;0.00786304900033547;73.0000641930928;7;5.83573571120111e-06;0.005396944
amaru;8388608*2^21;17592186*10^6;6.09958999734774e-09;0.0076583963763711;75.0000655112858;11;1.07415423780701e-05;0.005417413
dragonbox;8388608*2^21;17592186*10^6;5.47434093213178e-09;0.00182970788807992;73.0000584969475;7;5.31790432026547e-06;0.005454511
amaru;8388608*2^22;35184372*10^6;6.48087068751181e-09;0.00308420897976087;75.000068986278;11;1.25429596367559e-05;0.005483907
dragonbox;8388608*2^22;35184372*10^6;6.00780381546493e-09;0.00291803557675088;73.0000634272633;7;5.76611484947557e-06;0.005470111
amaru;8388608*2^23;70368744*10^6;6.64990722632345e-09;7.49425705968534e-06;75.0000710718278;11;1.29221505042869e-05;0.005446826
dragonbox;8388608*2^23;70368744*10^6;6.01141870449375e-09;5.14467677787159e-06;73.0000629135853;7;5.86376136836735e-06;0.005445574
amaru;8388608*2^24;14073749*10^7;6.7982922713321e-09;2.9700569574021e-05;75.0000730707657;11;6.6427968831997e-06;0.004924737
dragonbox;8388608*2^24;14073749*10^7;6.00547487544941e-09;1.1293360222711e-05;73.000062957425;7;5.84013222059347e-06;0.005442979
amaru;8388608*2^25;28147498*10^7;7.05185815274171e-09;0.00360165763842594;79.0000771064068;13;1.40760812189886e-05;0.004888479
dragonbox;8388608*2^25;28147498*10^7;6.00814710670006e-09;0.000841476476827793;73.0000642959014;7;5.84508194804891e-06;0.00544302
amaru;8388608*2^26;56294995*10^7;6.65090923786938e-09;7.5569126614187e-06;75.0000712850755;11;1.29609228177046e-05;0.005441556
dragonbox;8388608*2^26;56294995*10^7;6.01015768075664e-09;2.29124322014335e-05;73.0000643869774;7;5.85336158555859e-06;0.005442009
amaru;8388608*2^27;11258999*10^8;6.66417831980225e-09;0.00250356134780109;75.0000760080569;11;1.2979680310474e-05;0.004911051
dragonbox;8388608*2^27;11258999*10^8;6.06488297598119e-09;0.0143056873683608;73.0000636633022;7;5.86365821908973e-06;0.005435476
amaru;8388608*2^28;22517998*10^8;6.65854625643283e-09;0.0202806038397237;75.0000728607102;11;1.15277097322689e-05;0.004913015
dragonbox;8388608*2^28;22517998*10^8;5.80382181680288e-09;0.00774687195237999;73.0000611854685;7;5.64927067915532e-06;0.005412173
amaru;8388608*2^29;45035996*10^8;6.26121914946131e-09;0.00527016913392911;75.0000660778397;11;6.48760866744518e-06;0.005361948
dragonbox;8388608*2^29;45035996*10^8;5.57837917336871e-09;0.00612724066856778;73.0000604239565;7;5.49308695007333e-06;0.005427671
amaru;8388608*2^30;9007199*10^9;6.43917067375805e-09;0.0126513347928644;75.0000727775554;11;1.15452110464579e-05;0.005359463
dragonbox;8388608*2^30;9007199*10^9;6.35980342541693e-09;0.000752686397762764;73.0000683569476;7;2.42067742657783e-05;0.005440546
amaru;8388608*2^31;18014399*10^9;7.02328680684586e-09;0.00441660897120009;82.0000801116222;14;3e-05;0.004960102
dragonbox;8388608*2^31;18014399*10^9;6.00844226600051e-09;0.00116690187524452;73.0000629024326;7;5.86365821908973e-06;0.005443931
amaru;8388608*2^32;36028797*10^9;6.65512080989797e-09;2.68409969308677e-05;75.0000696722869;11;1.74652151132328e-05;0.005445444
dragonbox;8388608*2^32;36028797*10^9;6.00868679913397e-09;1.92489828948715e-05;73.0000628905647;7;5.86355507344103e-06;0.005444484
amaru;8388608*2^33;72057594*10^9;6.66511962549889e-09;0.00301418271556526;75.0000697465032;11;1.74941394632798e-05;0.00544434
dragonbox;8388608*2^33;72057594*10^9;6.00908031031829e-09;0.00115978302222874;73.0000628711541;7;5.86355507344103e-06;0.005445295
amaru;8388608*2^34;14411519*10^10;6.82129856416369e-09;0.00258251899695927;75.0000734655714;11;6.67868830561678e-06;0.004928025
dragonbox;8388608*2^34;14411519*10^10;6.0050146806541e-09;0.000437330368705938;73.0000629204528;7;5.84013222059347e-06;0.005429824
amaru;8388608*2^35;28823038*10^10;6.97114800916917e-09;0.00492629083858503;79.0000743906728;13;1.35255768658533e-05;0.004949163
dragonbox;8388608*2^35;28823038*10^10;5.96447004467947e-09;0.00422671404947183;73.0000625800028;7;5.82414574342308e-06;0.005404296
amaru;8388608*2^36;57646075*10^10;6.49663029656285e-09;0.0114962364285801;75.0000683620454;11;1.24294627986178e-05;0.005388727
dragonbox;8388608*2^36;57646075*10^10;5.76466232718904e-09;0.0102565396670335;73.0000627037873;7;5.82441712145657e-06;0.005378137
amaru;8388608*2^37;11529215*10^11;6.19507070412373e-09;0.00975023601783541;75.0000653672451;11;1.18849536486808e-05;0.005398677
dragonbox;8388608*2^37;11529215*10^11;5.46410176549534e-09;1.43032204933566e-05;73.0000571283154;7;5.32393481374214e-06;0.005451756
amaru;8388608*2^38;2305843*10^12;6.10633938035504e-09;0.000996207960775049;71.0000637075476;10;5.93820701777305e-06;0.005461856
dragonbox;8388608*2^38;2305843*10^12;6.09013324391577e-09;0.0134896470534648;73.0000634133687;7;1.15297033983801e-05;0.005476133
amaru;8388608*2^39;4611686*10^12;6.37020349920361e-09;0.0016268821825218;71.0000664821284;10;6.11273098482209e-06;0.005472014
dragonbox;8388608*2^39;4611686*10^12;6.20065134954559e-09;0.00308738320496473;73.0000647367275;7;5.99171944372877e-06;0.005466074
amaru;8388608*2^40;9223372*10^12;6.55220174718433e-09;0.000876493252865935;75.0000684829166;11;1.24514393863931e-05;0.005462336
dragonbox;8388608*2^40;9223372*10^12;6.26633492023672e-09;7.25978456639268e-06;73.0000655686892;7;6.11157287439495e-06;0.005446647
amaru;8388608*2^41;18446744*10^12;6.57756934452578e-09;0.00274007434340574;75.0000686710283;11;1.24856415122609e-05;0.005446636
dragonbox;8388608*2^41;18446744*10^12;5.98783400604714e-09;0.0230893591803857;73.0000626619955;7;5.81770793942602e-06;0.005466954
amaru;8388608*2^42;3689349*10^13;6.3867960949714e-09;0.0024945719242837;71.0000671439995;10;6.31540390165653e-06;0.005399207
dragonbox;8388608*2^42;3689349*10^13;5.9925504822342e-09;0.01274131852742;73.0000632623836;7;5.81561026106274e-06;0.005409566
amaru;8388608*2^43;7378698*10^13;6.41154822841109e-09;0.0366840885534916;71.0000663886391;10;6.03533082665926e-06;0.005503845
dragonbox;8388608*2^43;7378698*10^13;6.21501567487923e-09;0.00844371034569845;73.0000675904022;7;1e-05;0.004734968
amaru;8388608*2^44;14757395*10^13;6.44598853182555e-09;0.000307566455472202;75.0000734618916;11;2e-05;0.004836963
dragonbox;8388608*2^44;14757395*10^13;5.81241727158781e-09;0.0011809127012123;73.0000608501317;7;1.10636603013741e-05;0.005440624
amaru;8388608*2^45;2951479*10^14;6.42122785408095e-09;0.00251089477566612;71.0000672704701;10;6.28744962180991e-06;0.005433272
dragonbox;8388608*2^45;2951479*10^14;6.19601238983802e-09;0.0023044205518187;73.0000651319217;7;5.99171944372877e-06;0.005441046
amaru;8388608*2^46;5902958*10^14;6.46634228896433e-09;0.00406314282786564;71.0000670376081;10;1.60163152865052e-05;0.005512069
dragonbox;8388608*2^46;5902958*10^14;6.04458696210009e-09;0.00381721637078524;73.0000632133047;7;5.87647646471176e-06;0.005446877
amaru;8388608*2^47;11805916*10^14;6.1864348219279e-09;0.00945063630746648;75.0000650858048;11;1.183242913854e-05;0.005414686
dragonbox;8388608*2^47;11805916*10^14;5.47416549975501e-09;0.0054348441548173;73.0000576277535;7;5.32924047664727e-06;0.005434334
amaru;8388608*2^48;23611832*10^14;6.10801856770168e-09;0.00257102455859873;75.0000639512575;11;5.92645272172341e-06;0.005458517
dragonbox;8388608*2^48;23611832*10^14;5.56407567179088e-09;1.2249868261419e-05;73.0000582349002;7;5.40210574081777e-06;0.005447086
amaru;8388608*2^49;47223665*10^14;6.53130669186335e-09;6.4640893311794e-06;82.0000684573449;14;1.90206881684979e-05;0.005445245
dragonbox;8388608*2^49;47223665*10^14;5.59165463437161e-09;3.36449898977885e-06;73.000058601762;7;5.43611209263135e-06;0.005438311
amaru;8388608*2^50;9444733*10^15;6.33019157868884e-09;0.00381715433820504;75.0000672838087;11;6.24402914712806e-06;0.005405809
dragonbox;8388608*2^50;9444733*10^15;5.86340350435043e-09;0.0061886706121353;73.0000616115337;7;5.70655740511422e-06;0.005429263
amaru;8388608*2^51;18889466*10^15;6.27974327347448e-09;0.00240273870481107;75.0000655619478;11;6.08176322479413e-06;0.005457185
dragonbox;8388608*2^51;18889466*10^15;5.52570886296316e-09;0.000882343152931408;73.0000579556157;7;5.36849338601615e-06;0.00543814
amaru;8388608*2^52;37778932*10^15;6.38256749897382e-09;1.86224715150459e-06;79.0000682475276;13;1.24086413778555e-05;0.005428633
dragonbox;8388608*2^52;37778932*10^15;5.52487363272492e-09;1.97892966025153e-05;73.0000591591866;7;5.37810787408774e-06;0.005442999
amaru;8388608*2^53;75557864*10^15;6.38978605583704e-09;1.05050654538143e-05;79.0000685717135;13;1.11735588902421e-05;0.005440044
dragonbox;8388608*2^53;75557864*10^15;5.55967727744429e-09;0.000487913945934694;73.0000595080309;7;1.61702402897707e-05;0.005450855
amaru;8388608*2^54;15111573*10^16;6.54754048649919e-09;0.00640784683830718;75.0000737345311;11;6.87337187003828e-06;0.005363218
dragonbox;8388608*2^54;15111573*10^16;5.81010985364702e-09;0.00328637467912395;73.0000619379832;7;5.63072574424118e-06;0.005474568
amaru;8388608*2^55;30223145*10^16;6.59278551785356e-09;0.00542114680869381;75.0000697628697;11;1.14170239243736e-05;0.005499153
dragonbox;8388608*2^55;30223145*10^16;6.00901691832766e-09;0.00261563956681851;73.0000637618322;7;5.79653019702406e-06;0.005462095
amaru;8388608*2^56;6044629*10^17;6.64943211563693e-09;0.00251649431330514;71.0000706591211;10;6.42355646627312e-06;0.005476242
dragonbox;8388608*2^56;6044629*10^17;6.41601374028336e-09;0.0064176417229849;73.0000677995353;7;6.16359411500034e-06;0.005493916
amaru;8388608*2^57;12089258*10^17;6.55746488504132e-09;0.00262810708442096;75.0000703203411;11;1.27855165668331e-05;0.005429915
dragonbox;8388608*2^57;12089258*10^17;5.87593185183253e-09;0.00233898698153803;73.0000626209723;7;5.69281566662871e-06;0.00545817
amaru;8388608*2^58;24178516*10^17;6.5111380341146e-09;0.00592869421722911;75.0000744102984;11;2e-05;0.00475174
dragonbox;8388608*2^58;24178516*10^17;5.64370656832577e-09;0.0042552051360411;73.0000593081435;7;5.55864369093941e-06;0.0053905
amaru;8388608*2^59;48357033*10^17;6.84702780964369e-09;0.0355328550579918;82.0000743228178;14;2e-05;0.00487922
dragonbox;8388608*2^59;48357033*10^17;5.73302856891006e-09;0.00231023162158635;73.0000611090741;7;5.555370376543e-06;0.005461714
amaru;8388608*2^60;9671407*10^18;6.57249500369962e-09;0.00319970094037779;75.0000702915823;11;6.39014384213789e-06;0.005453959
dragonbox;8388608*2^60;9671407*10^18;6.25201845636312e-09;0.003951096974363;73.000066337392;7;6.03067199778071e-06;0.005475981
amaru;8388608*2^61;19342813*10^18;6.48384151331657e-09;9.8342533644181e-06;75.0000696339155;11;1.1338318413996e-05;0.005439871
dragonbox;8388608*2^61;19342813*10^18;5.99872193041736e-09;0.0158805468454305;73.0000626523591;7;1.71275891205554e-05;0.005509765
amaru;8388608*2^62;38685626*10^18;6.40550560310837e-09;0.00309484097665535;75.0000687040542;11;1.2491646211596e-05;0.005401584
dragonbox;8388608*2^62;38685626*10^18;5.6982951339645e-09;0.00672713610009244;73.0000614250614;7;5.5840964931874e-06;0.005431035
amaru;8388608*2^63;77371252*10^18;6.18158876923205e-09;0.0128755332751729;75.0000670874882;11;1.21977251242643e-05;0.005391782
dragonbox;8388608*2^63;77371252*10^18;5.48074319713301e-09;0.00244049278420894;73.0000574259597;7;5.35082697030826e-06;0.00542169
amaru;8388608*2^64;15474251*10^19;6.57476832559147e-09;0.0292410671056301;75.0000661272288;11;6.0686240001942e-06;0.005687199
dragonbox;8388608*2^64;15474251*10^19;5.92263919135193e-09;0.0105812389585061;73.0000615013027;7;5.59102751903745e-06;0.005514103
amaru;8388608*2^65;30948501*10^19;6.8045062078942e-09;5.43794533873017e-06;75.0000730697949;11;6.64270863087132e-06;0.004929437
dragonbox;8388608*2^65;30948501*10^19;6.00234025955409e-09;0.000686771167873328;73.000062883524;7;5.83338680604572e-06;0.005445897
amaru;8388608*2^66;61897002*10^19;6.99531260576051e-09;1.65925244062705e-05;79.000075381189;13;1e-05;0.004899779
dragonbox;8388608*2^66;61897002*10^19;6.00588815143635e-09;0.00281425188425787;73.000064428461;7;5.85713281634374e-06;0.005438803
amaru;8388608*2^67;12379401*10^20;6.77292895707033e-09;0.00229041066513265;75.0000773704368;11;1e-05;0.004940146
dragonbox;8388608*2^67;12379401*10^20;6.01013923088221e-09;0.00117616851474407;73.0000628787013;7;5.85699559553931e-06;0.005449073
amaru;8388608*2^68;24758801*10^20;6.80607061406238e-09;0.00167750516723078;75.0000730693096;11;6.64266450558648e-06;0.004923283
dragonbox;8388608*2^68;24758801*10^20;6.0081703612902e-09;5.35722125119073e-06;73.0000629567644;7;5.84013222059347e-06;0.005441976
amaru;8388608*2^69;49517602*10^20;6.95062625485472e-09;1.89027340898708e-06;79.0000744037554;13;1.36256489215299e-05;0.004937301
dragonbox;8388608*2^69;49517602*10^20;6.04643377503708e-09;0.00386587951515054;73.0000644148787;7;1.57514215657963e-05;0.005463498
amaru;8388608*2^70;99035203*10^20;6.72385280554486e-09;0.00166467561037031;73.0000771019931;9;1.32461735116268e-05;0.004896263
dragonbox;8388608*2^70;99035203*10^20;5.8815466057519e-09;0.00745027274321398;73.0000615706677;7;5.86248944751899e-06;0.005442056
amaru;8388608*2^71;19807041*10^21;6.48316245614839e-09;0.0084224691887303;75.000068575739;11;6.34272267713639e-06;0.005408856
dragonbox;8388608*2^71;19807041*10^21;5.59230112821971e-09;0.00602526753145749;73.0000590801225;7;5.45794923015626e-06;0.005422089
amaru;8388608*2^72;39614081*10^21;6.04174951079199e-09;8.23621344977751e-06;75.0000632404402;11;1.17328202179958e-05;0.005450583
dragonbox;8388608*2^72;39614081*10^21;5.52364225608272e-09;0.00139377019039044;73.0000577172815;7;5.33191149026926e-06;0.005466646
amaru;8388608*2^73;79228163*10^21;6.53010408737649e-09;0.000620948942282565;82.0000685295277;14;6.39889427106996e-06;0.005432189
dragonbox;8388608*2^73;79228163*10^21;5.60847779846701e-09;0.00211532122876153;73.000058630394;7;5.43605299064455e-06;0.005454552
amaru;8388608*2^74;15845633*10^22;6.44018419062706e-09;0.00380182305381581;75.0001004839979;11.0000106576858;1.59865286851613e-05;0.005493094
dragonbox;8388608*2^74;15845633*10^22;5.97558217286305e-09;0.0170738016700978;73.0000631432721;7;1.17588264691184e-05;0.005380453
amaru;8388608*2^75;31691265*10^22;6.42969494558871e-09;0.0032796020900324;75.000068954277;11;1.33875977294634e-05;0.005326149
dragonbox;8388608*2^75;31691265*10^22;5.7231113724845e-09;0.00248303197956167;73.0000611909994;7;5.56281812366145e-06;0.005460733
amaru;8388608*2^76;6338253*10^23;6.26484849767052e-09;0.0040278825607576;71.0000669352189;10;6.08501989801507e-06;0.005455864
dragonbox;8388608*2^76;6338253*10^23;5.94874891472621e-09;0.00336939073945359;73.0000637814268;7;5.79831153168197e-06;0.005434553
amaru;8388608*2^77;12676506*10^23;6.39877850177592e-09;0.00125671607557058;75.0000695947057;11;3.10329632135254e-05;0.005350896
dragonbox;8388608*2^77;12676506*10^23;5.72021272407807e-09;0.00222991387541321;73.0000599719767;7;5.45199788462482e-06;0.005505527
amaru;8388608*2^78;25353012*10^23;6.29576834925688e-09;0.003434926224743;75.0000681828043;11;1.23968735085012e-05;0.00540673
dragonbox;8388608*2^78;25353012*10^23;5.66442034947351e-09;0.00406993264955332;73.0000607275156;7;5.52068323975775e-06;0.005433833
amaru;8388608*2^79;50706024*10^23;6.22700049710897e-09;0.00334977754556418;75.0000667966165;11;1.08918817359481e-05;0.005434063
dragonbox;8388608*2^79;50706024*10^23;5.56104661263959e-09;0.00253431500424712;73.0000595740994;7;5.41582721344858e-06;0.005412051
amaru;8388608*2^80;10141205*10^24;6.43534286343253e-09;0.00881645326544919;75.0000670719438;11;6.09744943690054e-06;0.005594204
dragonbox;8388608*2^80;10141205*10^24;6.10096165527346e-09;0.00884422314744328;73.000064540734;7;5.86733945492416e-06;0.005510736
amaru;8388608*2^81;2028241*10^25;6.59386912961861e-09;0.00302669033493091;71.0000704500477;10;1.14647344767495e-05;0.005456427
dragonbox;8388608*2^81;2028241*10^25;6.35225599646077e-09;2.13949717024561e-05;73.0000680945896;7;6.19041723412158e-06;0.005441709
amaru;8388608*2^82;4056482*10^25;6.65007145924569e-09;0.00252299004492959;71.0000711136396;10;6.46487632691587e-06;0.005452668
dragonbox;8388608*2^82;4056482*10^25;6.35350212489987e-09;2.69488856125289e-05;73.000068165481;7;6.19686190912922e-06;0.005440416
amaru;8388608*2^83;8112964*10^25;6.65597319319286e-09;0.000319071530503902;71.0000711555006;10;1.16010626573394e-05;0.005460284
dragonbox;8388608*2^83;8112964*10^25;6.40628615819382e-09;4.19273247522874e-05;73.0000678631139;7;6.16937399362087e-06;0.005472033
amaru;8388608*2^84;16225928*10^25;6.80293581936066e-09;0.00354669964125751;75.0000776935378;11;1.3238019592269e-05;0.004944113
dragonbox;8388608*2^84;16225928*10^25;6.00410870033832e-09;0.00269426452321615;73.000063001386;7;5.86365821908973e-06;0.005438461
amaru;8388608*2^85;32451855*10^25;6.65257007425192e-09;0.0208188926512185;75.0000697522527;11;2.76743066202476e-05;0.005493494
dragonbox;8388608*2^85;32451855*10^25;5.80376342986399e-09;0.00313669173103822;73.0000610419303;7;5.64920685135807e-06;0.005391454
amaru;8388608*2^86;6490371*10^26;6.26276399944539e-09;0.00669880620927446;71.0000657698057;10;6.21183603237609e-06;0.005404565
dragonbox;8388608*2^86;6490371*10^26;5.83149537487654e-09;0.00988949533082229;73.0000613548261;7;5.69401502081163e-06;0.005422652
amaru;8388608*2^87;12980742*10^26;6.41705541944346e-09;0.00450003184141051;75.0000679247147;11;1.23499481302179e-05;0.005390109
dragonbox;8388608*2^87;12980742*10^26;5.89792975026655e-09;0.0138334015421223;73.0000612823613;7;5.64624045079584e-06;0.005504004
amaru;8388608*2^88;25961484*10^26;6.65917884091774e-09;1.38064786046782e-05;75.0000712430619;11;1.30532966100589e-05;0.004909509
dragonbox;8388608*2^88;25961484*10^26;6.00920272244796e-09;0.00116766236081563;73.0000644099754;7;5.85545230441325e-06;0.005441095
amaru;8388608*2^89;5192297*10^27;6.62539025334481e-09;0.00223864245337603;71.0000711012288;10;1.29274961379105e-05;0.005437829
dragonbox;8388608*2^89;5192297*10^27;6.35091292344585e-09;7.24155849021652e-06;73.0000680566726;7;6.18697024067314e-06;0.005442037
amaru;8388608*2^90;10384594*10^27;6.81109423688187e-09;1.77120543524957e-05;75.0000777504211;11;1e-05;0.004929775
dragonbox;8388608*2^90;10384594*10^27;6.35097351646282e-09;8.84338834786855e-06;73.0000665048382;7;6.19452032731845e-06;0.005447638
amaru;8388608*2^91;20769187*10^27;6.65068269147338e-09;1.42051742625846e-05;75.000069650413;11;1.29744597759311e-05;0.005447748
dragonbox;8388608*2^91;20769187*10^27;6.04133532074017e-09;0.00675948478764467;73.0000639188656;7;5.86355507344103e-06;0.005443231
amaru;8388608*2^92;41538375*10^27;6.99687238828101e-09;0.00978952518799775;82.0000740591126;14;1.34953677150318e-05;0.004987434
dragonbox;8388608*2^92;41538375*10^27;5.87599217974512e-09;0.00934092264605879;73.0000637053339;7;1.47370179153014e-05;0.005432239
amaru;8388608*2^93;8307675*10^28;6.59857037820159e-09;0.0283788491357795;71.0000734699875;10;6.67908977364565e-06;0.005318625
dragonbox;8388608*2^93;8307675*10^28;5.93255005826445e-09;0.006368651186369;73.000065597233;7;5.96338481722226e-06;0.0053906
amaru;8388608*2^94;1661535*10^29;6.0580452693671e-09;0.00654653774388335;71.0000656994905;10;5.9726809573013e-06;0.005422772
dragonbox;8388608*2^94;1661535*10^29;5.83415231361033e-09;1.34538112652546e-05;73.0000623901083;7;1.01897328252053e-05;0.005451225
amaru;8388608*2^95;332307*10^30;6.61859482229052e-09;5.25082164762208e-06;79.0000708488986;12;6.44080896560608e-06;0.005446845
dragonbox;8388608*2^95;332307*10^30;5.94324645361048e-09;0.000205910647642973;75.000063595946;7;5.7814496406829e-06;0.005437139
amaru;8388608*2^96;664614*10^30;6.65355750215504e-09;0.000204636977450644;79.0000711812858;12;1.16275689660184e-05;0.005447218
dragonbox;8388608*2^96;664614*10^30;5.90498103367702e-09;8.00440689747423e-06;75.0000631302262;7;5.7391114707621e-06;0.005424085
amaru;8388608*2^97;1329228*10^30;6.13779078560625e-09;0.00345009447132631;71.000064513102;10;6.01246986249481e-06;0.005414866
dragonbox;8388608*2^97;1329228*10^30;5.84610662934549e-09;0.00105038799312896;73.0000610944798;7;5.69401502081163e-06;0.005449593
amaru;8388608*2^98;2658456*10^30;6.09341171884205e-09;0.00293275407213338;71.0000638258367;10;5.97510770131632e-06;0.005430636
dragonbox;8388608*2^98;2658456*10^30;5.83735865573731e-09;1.03165411565848e-05;73.0000610978732;7;5.69391775705192e-06;0.005445173
amaru;8388608*2^99;5316912*10^30;6.09386246717781e-09;0.00266501828457646;71.0000638388012;10;5.97510770131632e-06;0.005430175
dragonbox;8388608*2^99;5316912*10^30;6.09865224331789e-09;0.00981173109067571;73.0000626341652;7;5.8292382934322e-06;0.005492692
amaru;8388608*2^100;10633824*10^30;6.66972583400524e-09;0.00607761808633137;75.0000779583419;11;7.08712199063083e-06;0.00477843
dragonbox;8388608*2^100;10633824*10^30;6.22584709882557e-09;0.00176283328006562;73.0000643952699;7;1.75623463294696e-05;0.005507933
amaru;8388608*2^101;21267648*10^30;6.77180720774305e-09;0.00164929420435587;75.0000734582123;11;7.0415592828876e-06;0.004823837
dragonbox;8388608*2^101;21267648*10^30;5.88632384504046e-09;0.000195088150452662;73.00006157601;7;5.74715946643372e-06;0.005445033
amaru;8388608*2^102;42535296*10^30;6.83602413661268e-09;0.00293697209145229;79.0000742490719;13;1e-05;0.004915399
dragonbox;8388608*2^102;42535296*10^30;5.84883146126522e-09;0.0024175614319327;73.0000612995505;7;5.68643841302877e-06;0.005440815
amaru;8388608*2^103;8507059*10^31;6.40450125478119e-09;0.00106282049295564;75.0000671411307;11;1.22074783012073e-05;0.005422301
dragonbox;8388608*2^103;8507059*10^31;6.01547625380613e-09;0.00995382525862466;73.0000633235358;7;5.90378019045595e-06;0.005405759
amaru;8388608*2^104;17014118*10^31;6.16344821461411e-09;0.00364628335820933;75.0000648908212;11;1.17937045205269e-05;0.005382697
dragonbox;8388608*2^104;17014118*10^31;5.47254153725911e-09;0.00327579807937921;73.0000572397931;7;5.35698980029142e-06;0.005450612
